Employee_Name,Employee_EmailID
Woodrow Attree,wattree0@cisco.com
Daniela Caughey,dcaughey1@dagondesign.com
Howey Kirrage,hkirrage2@lycos.com
Claudie Bath,cbath3@livejournal.com
Calley Conachy,cconachy4@comsenz.com
Veronike Matissoff,vmatissoff5@taobao.com
Gusta Scanlin,gscanlin6@soundcloud.com
Ranice Ruppeli,rruppeli7@cloudflare.com
Ranique Tomley,rtomley8@ox.ac.uk
Rae Massei,rmassei9@usa.gov
Vito Yeskov,vyeskova@mapy.cz
Dorothy Nolda,dnoldab@goo.ne.jp
Peterus Abrehart,pabrehartc@gravatar.com
Joel Odam,jodamd@cnn.com
Rickert Grewer,rgrewere@china.com.cn
Britney Normanville,bnormanvillef@goo.gl
Mallorie Simao,msimaog@ycombinator.com
My Kalker,mkalkerh@hibu.com
Kori Pawnsford,kpawnsfordi@dion.ne.jp
Kellia Widdop,kwiddopj@sun.com
Shayne Tames,stamesk@earthlink.net
Aubrey Kobera,akoberal@ucoz.com
Ginger Kew,gkewm@hp.com
Finn Cawthera,fcawtheran@wsj.com
Florinda Ladds,fladdso@theguardian.com
Kippy Dytham,kdythamp@biglobe.ne.jp
Duffie Sprade,dspradeq@marketwatch.com
Tremain Tunnicliffe,ttunnicliffer@cornell.edu
Henryetta Sheircliffe,hsheircliffes@washington.edu
Artur Zini,azinit@twitter.com
Oona Solman,osolmanu@squidoo.com
Mona Sprigings,msprigingsv@elegantthemes.com
Jorry Gadault,jgadaultw@odnoklassniki.ru
Any Kiffe,akiffex@e-recht24.de
Francyne Dundredge,fdundredgey@cbslocal.com
Aldon Goodey,agoodeyz@bloglovin.com
Enriqueta Hedworth,ehedworth10@timesonline.co.uk
Sterling Cohrs,scohrs11@godaddy.com
Imojean Eastlake,ieastlake12@webeden.co.uk
Cooper Klimmek,cklimmek13@unblog.fr
Jyoti Lademann,jlademann14@microsoft.com
Shanta Sich,ssich15@example.com
Alic Allawy,aallawy16@cbc.ca
Merrill Bridgman,mbridgman17@nih.gov
Helenelizabeth Prayer,hprayer18@wordpress.com
Heath Isard,hisard19@wikipedia.org
Guinevere Zimmermanns,gzimmermanns1a@de.vu
Ward Andrioni,wandrioni1b@opensource.org
Desiri Patzelt,dpatzelt1c@cdc.gov
Hiram Hammerman,hhammerman1d@cam.ac.uk
Ellary Faucett,efaucett1e@ustream.tv
Darby Klaggeman,dklaggeman1f@vkontakte.ru
Lyndsay Sammons,lsammons1g@nps.gov
Harlie Abramsky,habramsky1h@intel.com
Elisabetta Edward,eedward1i@angelfire.com
Olympie O'Cannavan,oocannavan1j@istockphoto.com
Randie Olliff,rolliff1k@dion.ne.jp
Tully Coventon,tcoventon1l@usgs.gov
Symon Bohike,sbohike1m@qq.com
Tamiko Wollaston,twollaston1n@google.pl
Kin Rose,krose1o@wikipedia.org
Teena Portman,tportman1p@ning.com
Phylys Trew,ptrew1q@columbia.edu
Candida Ruffle,cruffle1r@buzzfeed.com
Nico Frears,nfrears1s@nps.gov
Karine Seamons,kseamons1t@acquirethisname.com
Averyl Lourenco,alourenco1u@columbia.edu
Margie Rattray,mrattray1v@narod.ru
Charleen Gavin,cgavin1w@cisco.com
Catharina Emerton,cemerton1x@yahoo.co.jp
Barclay McLeman,bmcleman1y@yahoo.co.jp
Letitia Sayle,lsayle1z@telegraph.co.uk
Bert Oldridge,boldridge20@army.mil
Merrile Hercock,mhercock21@opera.com
Lorain Poppleston,lpoppleston22@cbc.ca
Ulla Pile,upile23@eventbrite.com
Albie Tebbett,atebbett24@fema.gov
Pepi Romayne,promayne25@miibeian.gov.cn
Dante Schultheiss,dschultheiss26@so-net.ne.jp
Vin Castello,vcastello27@ovh.net
Quill Witul,qwitul28@mysql.com
Hiram Stranaghan,hstranaghan29@examiner.com
Terrill Cogin,tcogin2a@mayoclinic.com
Barby Teague,bteague2b@nsw.gov.au
Tabor Carless,tcarless2c@dell.com
Denver Grass,dgrass2d@uol.com.br
Rhiamon Mitie,rmitie2e@issuu.com
Di Orsay,dorsay2f@a8.net
Isidor Fomichyov,ifomichyov2g@last.fm
Richard Potte,rpotte2h@home.pl
Danila MacMechan,dmacmechan2i@patch.com
Walsh Fear,wfear2j@admin.ch
Nolie Riehm,nriehm2k@prweb.com
Thea Cheltnam,tcheltnam2l@storify.com
Jodee Haeslier,jhaeslier2m@yellowbook.com
Andromache Galland,agalland2n@t.co
Aubrey Tooze,atooze2o@google.it
Christel Hincham,chincham2p@hatena.ne.jp
Cordell Packman,cpackman2q@ow.ly
Sayers Bruneau,sbruneau2r@twitter.com
Raye Saxton,rsaxton2s@ft.com
Sayre Claricoats,sclaricoats2t@berkeley.edu
Rabbi Thurborn,rthurborn2u@tinyurl.com
Aube Foggarty,afoggarty2v@t-online.de
Lisbeth Osgerby,losgerby2w@ifeng.com
Jonathan Parmley,jparmley2x@slashdot.org
Norbie Kerans,nkerans2y@google.es
Emmet Tankard,etankard2z@virginia.edu
Kirk Hardesty,khardesty30@google.de
Filippa Dunsford,fdunsford31@merriam-webster.com
Marty Heinssen,mheinssen32@ning.com
Cordell Berrycloth,cberrycloth33@artisteer.com
Geralda Ricciardo,gricciardo34@buzzfeed.com
Layne Errichelli,lerrichelli35@reuters.com
Iris O'Garmen,iogarmen36@mapy.cz
Georges Hanaford,ghanaford37@360.cn
Ephraim Camps,ecamps38@csmonitor.com
Fabe Purle,fpurle39@mlb.com
Rebe Alexandersson,ralexandersson3a@msn.com
Dulce Sheere,dsheere3b@oracle.com
Faulkner Jados,fjados3c@harvard.edu
Edouard Westmarland,ewestmarland3d@sphinn.com
Benedicto Sowersby,bsowersby3e@pinterest.com
Dinnie McTrusty,dmctrusty3f@blog.com
Dane Dowson,ddowson3g@nature.com
Oriana Findlay,ofindlay3h@hibu.com
Kimbra Jenkyn,kjenkyn3i@delicious.com
Curtice Hatterslay,chatterslay3j@dmoz.org
Nikolaus Bramont,nbramont3k@etsy.com
Jasmin Kisting,jkisting3l@meetup.com
Leia McQuaid,lmcquaid3m@whitehouse.gov
Curry Cullington,ccullington3n@cdbaby.com
Calv Kaine,ckaine3o@abc.net.au
Bernarr Burchard,bburchard3p@tripod.com
Robinson Bastin,rbastin3q@cafepress.com
Randolf Rodear,rrodear3r@woothemes.com
Yank Fearns,yfearns3s@yale.edu
Louisette Nobes,lnobes3t@loc.gov
Sabra Keedwell,skeedwell3u@reference.com
Hilary Colbron,hcolbron3v@techcrunch.com
Stephenie Kirrens,skirrens3w@about.com
Arley Weston,aweston3x@sakura.ne.jp
Ashli Rait,arait3y@vkontakte.ru
Farrel Polland,fpolland3z@nyu.edu
Mel Liptrot,mliptrot40@seattletimes.com
Findley Kindall,fkindall41@umn.edu
Nerti Blinde,nblinde42@clickbank.net
Simonne Baptist,sbaptist43@shutterfly.com
Thomasin Antosik,tantosik44@tmall.com
Concordia Leyes,cleyes45@51.la
Kala Corder,kcorder46@usatoday.com
Rosina Brennand,rbrennand47@constantcontact.com
Clarabelle Trownson,ctrownson48@abc.net.au
Ellwood Reschke,ereschke49@artisteer.com
Melania Hackinge,mhackinge4a@berkeley.edu
Lilian Lodwig,llodwig4b@house.gov
Mervin Symers,msymers4c@usnews.com
Chance Rogger,crogger4d@pagesperso-orange.fr
Sibbie Foxall,sfoxall4e@addtoany.com
Aldin Shillaber,ashillaber4f@youku.com
Den MacKniely,dmackniely4g@imdb.com
Luce Foxwell,lfoxwell4h@harvard.edu
Pammie Getsham,pgetsham4i@google.fr
Lily Neeves,lneeves4j@exblog.jp
Enoch Inmett,einmett4k@sakura.ne.jp
Carlina Learned,clearned4l@who.int
Mabelle Heino,mheino4m@google.fr
Larry Tift,ltift4n@va.gov
Alexandro Escalante,aescalante4o@nhs.uk
Kara-lynn Tireman,ktireman4p@businesswire.com
Cahra Crampton,ccrampton4q@merriam-webster.com
Bink Dymott,bdymott4r@odnoklassniki.ru
Ardelis Borgesio,aborgesio4s@engadget.com
Kesley Richel,krichel4t@cam.ac.uk
Cristionna Elce,celce4u@webeden.co.uk
Linn Snoday,lsnoday4v@hp.com
Creight Keward,ckeward4w@so-net.ne.jp
Normand Currm,ncurrm4x@is.gd
Kassey Brason,kbrason4y@bbc.co.uk
Iona Boow,iboow4z@cnn.com
Jessie Carroll,jcarroll50@nymag.com
Peggie Rentoll,prentoll51@list-manage.com
Cyb Dincke,cdincke52@mayoclinic.com
Evin Newens,enewens53@discovery.com
Jaquenette Maccrie,jmaccrie54@japanpost.jp
Jeffy Stodhart,jstodhart55@columbia.edu
Polly Pendlington,ppendlington56@moonfruit.com
Sonya McLellan,smclellan57@theglobeandmail.com
Ofilia Acedo,oacedo58@jimdo.com
Nikolai Baldocci,nbaldocci59@bloglines.com
Jessica Wickmann,jwickmann5a@boston.com
Flossi Willatts,fwillatts5b@hibu.com
Tanya Munnion,tmunnion5c@youtu.be
Suzanna Lushey,slushey5d@npr.org
Isabelita Costar,icostar5e@w3.org
Maurie Ortzen,mortzen5f@guardian.co.uk
Sven Hardage,shardage5g@skype.com
Valentine Baggallay,vbaggallay5h@senate.gov
Mareah Buyers,mbuyers5i@symantec.com
Ronna Bestwall,rbestwall5j@taobao.com
Natty Lineham,nlineham5k@upenn.edu
Erminie Bernardinelli,ebernardinelli5l@geocities.jp
Goran Curnick,gcurnick5m@tamu.edu
Naoma Klisch,nklisch5n@ehow.com
Brandon Goulstone,bgoulstone5o@istockphoto.com
Dacia Killiam,dkilliam5p@cbslocal.com
Theresina Burhill,tburhill5q@si.edu
Berk Featenby,bfeatenby5r@java.com
Beryle Thomsson,bthomsson5s@mit.edu
Pauline Bellinger,pbellinger5t@cpanel.net
Nils Mickelwright,nmickelwright5u@cdc.gov
Freemon Muselli,fmuselli5v@engadget.com
Yehudi Lortz,ylortz5w@mapy.cz
Jacinthe Philpin,jphilpin5x@dmoz.org
Leopold Gronou,lgronou5y@miitbeian.gov.cn
Wilden Aldous,waldous5z@biblegateway.com
Raimund Hasloch,rhasloch60@aboutads.info
Papageno Valiant,pvaliant61@51.la
Thornton Sturzaker,tsturzaker62@yelp.com
Celestine Crayden,ccrayden63@netlog.com
Merrielle Masterman,mmasterman64@cbsnews.com
Elissa Paggitt,epaggitt65@google.com
Martina Celand,mceland66@over-blog.com
Philis Penburton,ppenburton67@answers.com
Korey Kubalek,kkubalek68@parallels.com
Stanwood Battany,sbattany69@umich.edu
Cyrille Mularkey,cmularkey6a@engadget.com
Althea Rides,arides6b@bravesites.com
Grete Andrey,gandrey6c@reuters.com
Molly Stollenwerck,mstollenwerck6d@jigsy.com
Ezmeralda Broadey,ebroadey6e@cargocollective.com
Neala Sherratt,nsherratt6f@bloglines.com
Shani Klauer,sklauer6g@skyrock.com
Louisa Gatlin,lgatlin6h@printfriendly.com
Katherine Warin,kwarin6i@google.co.uk
Juieta Arnold,jarnold6j@newsvine.com
Hamil Taylo,htaylo6k@blogger.com
Jenica Daley,jdaley6l@toplist.cz
Anjela Pywell,apywell6m@cdbaby.com
Jard Enevold,jenevold6n@a8.net
Mariam Haukey,mhaukey6o@clickbank.net
Onfre Ghirardi,oghirardi6p@amazon.com
Ola McGavigan,omcgavigan6q@hc360.com
Nan Sunnex,nsunnex6r@unc.edu
Sephira Tumasian,stumasian6s@jimdo.com
Hammad Fike,hfike6t@theatlantic.com
Gill Palek,gpalek6u@globo.com
Kerrie Jaime,kjaime6v@webeden.co.uk
Virgil Giacoppoli,vgiacoppoli6w@cbc.ca
Garwood Ratazzi,gratazzi6x@paypal.com
Paulie Wilds,pwilds6y@gizmodo.com
Neron Darree,ndarree6z@behance.net
Isadore Myrick,imyrick70@cdbaby.com
Ruperta Aksell,raksell71@weather.com
Sutton Spellard,sspellard72@tmall.com
Ichabod Libero,ilibero73@biblegateway.com
Donall Roser,droser74@seesaa.net
Evanne Juliano,ejuliano75@photobucket.com
Kayla Cancelier,kcancelier76@nydailynews.com
Arni Gigg,agigg77@marriott.com
Yale Fulun,yfulun78@pcworld.com
Avigdor Edeler,aedeler79@mediafire.com
Rriocard Neve,rneve7a@free.fr
Beverlie Lorden,blorden7b@com.com
Dorise Giacaponi,dgiacaponi7c@google.com.au
Marieann MacRanald,mmacranald7d@hao123.com
Lucio Heffy,lheffy7e@columbia.edu
Wiley Winnett,wwinnett7f@netvibes.com
Giulia Walisiak,gwalisiak7g@plala.or.jp
Shaina Ferris,sferris7h@biblegateway.com
Pennie Havercroft,phavercroft7i@cpanel.net
Jeromy Mc Ilory,jmc7j@ucoz.ru
Rosalynd Moule,rmoule7k@lycos.com
Crissy Gabbatt,cgabbatt7l@auda.org.au
Vonnie Bougourd,vbougourd7m@tiny.cc
Wang Elan,welan7n@friendfeed.com
Edi Cardinale,ecardinale7o@smh.com.au
Roobbie Friedenbach,rfriedenbach7p@webs.com
Sigmund Hilling,shilling7q@ow.ly
Wendie Jefford,wjefford7r@admin.ch
Toddy Taggerty,ttaggerty7s@chron.com
Grace Dewis,gdewis7t@bravesites.com
Ashlie Gillings,agillings7u@samsung.com
Ethelbert Beccero,ebeccero7v@sciencedaily.com
Casar Kwiek,ckwiek7w@loc.gov
Buiron Stourton,bstourton7x@census.gov
Raff Stern,rstern7y@xrea.com
Shantee Children,schildren7z@cam.ac.uk
Odette Poynor,opoynor80@domainmarket.com
Phineas McCobb,pmccobb81@moonfruit.com
Jasen Cruess,jcruess82@wsj.com
Kele Favell,kfavell83@disqus.com
Egor Povlsen,epovlsen84@mayoclinic.com
Marlena Aleevy,maleevy85@mail.ru
Kathlin Ommundsen,kommundsen86@ca.gov
Karna McGuiness,kmcguiness87@fotki.com
Conrad Bilt,cbilt88@jalbum.net
Pennie Locarno,plocarno89@spotify.com
Gaby Flecknell,gflecknell8a@myspace.com
Ulric Duddan,ududdan8b@360.cn
Jeanine Doughartie,jdoughartie8c@squidoo.com
Salem Islip,sislip8d@shop-pro.jp
Averil Quarles,aquarles8e@github.io
Modestia Rupel,mrupel8f@vk.com
Sherry Gladman,sgladman8g@earthlink.net
Gunilla Trethowan,gtrethowan8h@ucoz.ru
Jordain Skocroft,jskocroft8i@dailymail.co.uk
Rube Kemmons,rkemmons8j@chronoengine.com
Morris Tilt,mtilt8k@zdnet.com
Waylan Slott,wslott8l@columbia.edu
Jens Nelson,jnelson8m@thetimes.co.uk
Brantley Minard,bminard8n@csmonitor.com
Mathe Rearie,mrearie8o@opensource.org
Klarrisa Eakens,keakens8p@fotki.com
Meghann Abbiss,mabbiss8q@amazon.de
Yancey Coutts,ycoutts8r@youtu.be
Tish Cobbin,tcobbin8s@auda.org.au
Clyve Mourant,cmourant8t@ustream.tv
Enriqueta Flucker,eflucker8u@tiny.cc
Ramonda Reiach,rreiach8v@dmoz.org
Morgan Splevin,msplevin8w@goo.ne.jp
Bard Childrens,bchildrens8x@nyu.edu
Tedman Doctor,tdoctor8y@slate.com
Rubia Klain,rklain8z@abc.net.au
Bernie Parres,bparres90@shop-pro.jp
Padraic Kennion,pkennion91@dell.com
Rudie Torre,rtorre92@bizjournals.com
Christie Grattan,cgrattan93@slashdot.org
Sanford Maharey,smaharey94@hostgator.com
Luz Casely,lcasely95@woothemes.com
Gerry MacIlory,gmacilory96@bravesites.com
Denyse Triggel,dtriggel97@jalbum.net
Doyle Pagnin,dpagnin98@dagondesign.com
Frazier Joire,fjoire99@qq.com
Guillemette Lumley,glumley9a@yellowpages.com
Thayne Fielder,tfielder9b@cafepress.com
Isador Ornillos,iornillos9c@de.vu
Rachele Grayshan,rgrayshan9d@ihg.com
Zach Cowern,zcowern9e@aboutads.info
Jo-ann Pires,jpires9f@cafepress.com
Emlynne Blaxley,eblaxley9g@newsvine.com
Thelma Patroni,tpatroni9h@cbc.ca
Gennifer Pendergast,gpendergast9i@loc.gov
Tasia Garlant,tgarlant9j@simplemachines.org
Kiri Rays,krays9k@google.com.hk
Carita Tebbut,ctebbut9l@dot.gov
Freemon Symondson,fsymondson9m@youku.com
Beatriz Maddrell,bmaddrell9n@infoseek.co.jp
Laraine Myers,lmyers9o@house.gov
Pete Chin,pchin9p@alibaba.com
Bennett Draayer,bdraayer9q@go.com
Katherine McAuley,kmcauley9r@gizmodo.com
Florette Jamieson,fjamieson9s@wix.com
Annalise Macenzy,amacenzy9t@mapy.cz
Drona Hastewell,dhastewell9u@vimeo.com
Baldwin Banane,bbanane9v@xrea.com
Andrea Gerleit,agerleit9w@springer.com
Egbert Whitebread,ewhitebread9x@opensource.org
Ozzy Savory,osavory9y@tamu.edu
Hubey Le Brum,hle9z@cyberchimps.com
Vivienne Goggen,vgoggena0@noaa.gov
Shelagh Jimpson,sjimpsona1@harvard.edu
Torrey Haggarty,thaggartya2@economist.com
Reinhard Sakins,rsakinsa3@sakura.ne.jp
Rafi Masterson,rmastersona4@reddit.com
Rachel Januszkiewicz,rjanuszkiewicza5@gizmodo.com
Belinda Pulley,bpulleya6@cpanel.net
Taddeo Billiard,tbilliarda7@linkedin.com
Martina Mountjoy,mmountjoya8@cargocollective.com
Benn Laroux,blarouxa9@biblegateway.com
Florence Donisi,fdonisiaa@photobucket.com
Thain Hancock,thancockab@chicagotribune.com
Lia Bony,lbonyac@opera.com
Ophelia Goodsir,ogoodsirad@163.com
Myca Tranfield,mtranfieldae@businesswire.com
Dollie Kildahl,dkildahlaf@opensource.org
Art Barlie,abarlieag@sourceforge.net
Belicia Smorthit,bsmorthitah@java.com
Pattie Accum,paccumai@businessweek.com
Allis Houltham,ahoulthamaj@mozilla.com
Bartram Ovesen,bovesenak@shareasale.com
Chic Debrett,cdebrettal@addthis.com
Justen Hantusch,jhantuscham@biglobe.ne.jp
Everard Applewhaite,eapplewhaitean@pagesperso-orange.fr
Waylon Caldaro,wcaldaroao@bizjournals.com
Barty Roache,broacheap@google.com.au
Joy Hasard,jhasardaq@apache.org
Odelia Leopard,oleopardar@de.vu
Muffin Burnsides,mburnsidesas@bravesites.com
Georg Skaife,gskaifeat@is.gd
Joelle Saffell,jsaffellau@naver.com
Valentina Base,vbaseav@odnoklassniki.ru
Filbert Bernet,fbernetaw@istockphoto.com
Dulcea Doche,ddocheax@google.co.uk
Loy Crosscombe,lcrosscombeay@washington.edu
Eleonora Dougharty,edoughartyaz@dion.ne.jp
Cordelia McKimmey,cmckimmeyb0@homestead.com
Margie Hazel,mhazelb1@dyndns.org
Deane Blewmen,dblewmenb2@newsvine.com
Arron Bennitt,abennittb3@bandcamp.com
Nicolea Brok,nbrokb4@theatlantic.com
Brianne Squier,bsquierb5@wordpress.org
Tera Spain-Gower,tspaingowerb6@theguardian.com
Gabriel Jeandon,gjeandonb7@parallels.com
Ware Redmore,wredmoreb8@washingtonpost.com
Bobby Flemyng,bflemyngb9@pinterest.com
Berni Manion,bmanionba@dailymotion.com
Averil Semorad,asemoradbb@alexa.com
Whit de Nore,wdebc@senate.gov
Tish Galliford,tgallifordbd@merriam-webster.com
Regan McFade,rmcfadebe@npr.org
Edsel Di Gregorio,edibf@yahoo.co.jp
Sanford Sparshott,ssparshottbg@google.it
Chuck Hardan,chardanbh@amazonaws.com
Sherwin Crusham,scrushambi@marketwatch.com
Rosene Caughey,rcaugheybj@mediafire.com
Otho Sebrens,osebrensbk@weebly.com
Austin Westgate,awestgatebl@trellian.com
Berni Lawling,blawlingbm@digg.com
Saba Chaim,schaimbn@sfgate.com
Sheri Youthead,syoutheadbo@github.io
Annecorinne Sharpless,asharplessbp@home.pl
Helen-elizabeth Jaqueminet,hjaqueminetbq@economist.com
Eulalie Vasovic,evasovicbr@freewebs.com
Jamesy Sturman,jsturmanbs@barnesandnoble.com
Pearle de Amaya,pdebt@parallels.com
Kaspar Barley,kbarleybu@goodreads.com
Hali Moxson,hmoxsonbv@histats.com
Elden Naisbit,enaisbitbw@salon.com
Pearl Challace,pchallacebx@berkeley.edu
Brigit Newvell,bnewvellby@hostgator.com
Franny Reily,freilybz@delicious.com
Richie Martugin,rmartuginc0@friendfeed.com
Sherri Loosley,sloosleyc1@oaic.gov.au
Alaine Boxhill,aboxhillc2@godaddy.com
Ignazio Grigaut,igrigautc3@soundcloud.com
Geneva Manners,gmannersc4@histats.com
Louie Flohard,lflohardc5@springer.com
Ray Dillicate,rdillicatec6@meetup.com
Petey Despenser,pdespenserc7@scribd.com
Morna Bacup,mbacupc8@sciencedirect.com
Dita Ellacombe,dellacombec9@pagesperso-orange.fr
Andrus Eller,aellerca@sphinn.com
Alleyn Fusco,afuscocb@360.cn
Lil Barlie,lbarliecc@tripod.com
Raff Klehn,rklehncd@usda.gov
Alikee Gwilliams,agwilliamsce@elegantthemes.com
Gustie Dusting,gdustingcf@squidoo.com
Adelheid Beney,abeneycg@ezinearticles.com
Roana Pikesley,rpikesleych@feedburner.com
Larissa Behne,lbehneci@cmu.edu
Dewain Bachellier,dbachelliercj@chicagotribune.com
Bobbie Alcorn,balcornck@ihg.com
Lynnelle Ibbetson,libbetsoncl@bizjournals.com
Bernadene Karlsen,bkarlsencm@newyorker.com
Jami Wilshire,jwilshirecn@google.it
Abram Sherwood,asherwoodco@forbes.com
Deane Dedrick,ddedrickcp@pagesperso-orange.fr
Grace Johncey,gjohnceycq@mtv.com
Judie Bernardeschi,jbernardeschicr@ask.com
Cash Woodstock,cwoodstockcs@bloglines.com
Jon Bettridge,jbettridgect@artisteer.com
Jordanna Coveny,jcovenycu@tinypic.com
Jareb Ledgley,jledgleycv@godaddy.com
Jacquette Houselee,jhouseleecw@dyndns.org
Mead Chartres,mchartrescx@ifeng.com
Norbert Swithenby,nswithenbycy@cargocollective.com
Sidonia Titterell,stitterellcz@independent.co.uk
Jilly Harmant,jharmantd0@liveinternet.ru
Linn Standage,lstandaged1@bbb.org
Zebadiah Wilby,zwilbyd2@usatoday.com
Carlina McAndie,cmcandied3@smh.com.au
Deanna Lawson,dlawsond4@narod.ru
Rahal Alven,ralvend5@pen.io
Tamra Pettyfar,tpettyfard6@gizmodo.com
Ophelie Swadden,oswaddend7@hugedomains.com
Quintilla Buggy,qbuggyd8@nba.com
Shandy Wabb,swabbd9@bloglines.com
Margalit Zellmer,mzellmerda@unc.edu
Arleen Rosetti,arosettidb@blogs.com
Janith Lill,jlilldc@digg.com
Sterling Priddey,spriddeydd@topsy.com
Robby Leward,rlewardde@nbcnews.com
Hillard Denson,hdensondf@moonfruit.com
Barrett Varvara,bvarvaradg@sciencedirect.com
Candra Burgott,cburgottdh@wordpress.com
Hermine Blowers,hblowersdi@cam.ac.uk
Hamnet Divver,hdivverdj@weather.com
Terry O'Hogertie,tohogertiedk@howstuffworks.com
Yancy Pennells,ypennellsdl@reverbnation.com
Elsworth Escott,eescottdm@squarespace.com
Alwin Giacomazzo,agiacomazzodn@bloomberg.com
Derry Rouf,droufdo@telegraph.co.uk
Kaiser Rowantree,krowantreedp@yellowpages.com
Archaimbaud Dury,adurydq@icq.com
Agnesse Kingett,akingettdr@nydailynews.com
Beatrix Lukianovich,blukianovichds@myspace.com
Leopold Yanyushkin,lyanyushkindt@dedecms.com
Creight Tokell,ctokelldu@nymag.com
Corrie Giles,cgilesdv@chronoengine.com
Witty Romagosa,wromagosadw@tumblr.com
Anatola Childers,achildersdx@sciencedaily.com
Jefferson Troake,jtroakedy@cornell.edu
Michele Grayley,mgrayleydz@businessweek.com
Stanislaw Barclay,sbarclaye0@webs.com
Jenn Holdall,jholdalle1@scribd.com
Sonni Vince,svincee2@fotki.com
Tasia Wiffield,twiffielde3@cbslocal.com
Bev Acott,bacotte4@friendfeed.com
Ellwood Whoolehan,ewhoolehane5@cloudflare.com
Karney Duquesnay,kduquesnaye6@opensource.org
Maurise Gaize,mgaizee7@seattletimes.com
Erhard Coumbe,ecoumbee8@simplemachines.org
Lorrin Stilgo,lstilgoe9@creativecommons.org
Cleavland Davison,cdavisonea@prlog.org
Delaney O'Lenane,dolenaneeb@cdbaby.com
Davy Bone,dboneec@sun.com
Edsel Bagwell,ebagwelled@cornell.edu
Cassie Behne,cbehneee@china.com.cn
Lurette Thickin,lthickinef@github.io
Camille Sussems,csussemseg@dagondesign.com
Ashton Locker,alockereh@goo.ne.jp
Gertrudis Alyutin,galyutinei@tmall.com
Lalo Nye,lnyeej@theguardian.com
Colene Parriss,cparrissek@ycombinator.com
Gwenneth Skedge,gskedgeel@newyorker.com
Florida Denziloe,fdenziloeem@flavors.me
Allen Marjoribanks,amarjoribanksen@myspace.com
Shanta Lucien,slucieneo@hhs.gov
Ivett McGebenay,imcgebenayep@nps.gov
Ronda Bonellie,rbonellieeq@dedecms.com
Raquel Dodding,rdoddinger@quantcast.com
Elsy Conahy,econahyes@sphinn.com
Ring Greatbanks,rgreatbankset@trellian.com
Ewen McArd,emcardeu@instagram.com
Courtnay Maylard,cmaylardev@ameblo.jp
Morly Garroway,mgarrowayew@addtoany.com
Celestine Rizziello,crizzielloex@dmoz.org
Arabel Nisuis,anisuisey@go.com
Barclay Eytel,beytelez@ow.ly
Wynne Pickup,wpickupf0@qq.com
Sid Francey,sfranceyf1@columbia.edu
Shanan Kynton,skyntonf2@geocities.jp
Jarrett Alltimes,jalltimesf3@admin.ch
Chloette Gilkes,cgilkesf4@surveymonkey.com
Vonnie Newlan,vnewlanf5@reddit.com
Carmine Halden,chaldenf6@jigsy.com
Ruttger Pauley,rpauleyf7@chron.com
Bartram Tatam,btatamf8@hostgator.com
Gibby Gilham,ggilhamf9@flavors.me
Sibby McIlvenna,smcilvennafa@shareasale.com
Tobit Laban,tlabanfb@ox.ac.uk
Kimbra Bernhardsson,kbernhardssonfc@t.co
Masha O'Hern,mohernfd@icio.us
Iona Kleinhaut,ikleinhautfe@timesonline.co.uk
Alic Sarle,asarleff@deliciousdays.com
Shelli Gilberthorpe,sgilberthorpefg@nps.gov
Alisha Racine,aracinefh@mapy.cz
Tabatha Fevers,tfeversfi@storify.com
Alasdair Shackleton,ashackletonfj@elegantthemes.com
Bree Leney,bleneyfk@joomla.org
Hedvig Franzotto,hfranzottofl@addtoany.com
Seward Caccavella,scaccavellafm@xinhuanet.com
Nikolaos Missington,nmissingtonfn@opensource.org
Ada Latham,alathamfo@quantcast.com
Lark Joselin,ljoselinfp@slideshare.net
Leah Dominik,ldominikfq@alibaba.com
Christian Norcott,cnorcottfr@berkeley.edu
Sinclair Grumley,sgrumleyfs@arizona.edu
Isabelle Monteath,imonteathft@1688.com
Kippy Dancer,kdancerfu@tripadvisor.com
Myriam Theodoris,mtheodorisfv@mapy.cz
Baxy Orris,borrisfw@1und1.de
Westbrook Henkmann,whenkmannfx@va.gov
Siward Lawrenz,slawrenzfy@psu.edu
Dulcia Vickors,dvickorsfz@mtv.com
Druci Sille,dsilleg0@dyndns.org
Giuditta MacDearmid,gmacdearmidg1@domainmarket.com
Jere Desseine,jdesseineg2@icio.us
Arleen Craighill,acraighillg3@mysql.com
Dare Bricknall,dbricknallg4@sfgate.com
Silvie Drees,sdreesg5@macromedia.com
Minne Salthouse,msalthouseg6@smh.com.au
Emmanuel Wooderson,ewoodersong7@opensource.org
Cheryl Avraham,cavrahamg8@typepad.com
Lancelot Delicate,ldelicateg9@github.com
Ernesta Gedling,egedlingga@samsung.com
Dennie Gooddie,dgooddiegb@discuz.net
Ardath Prin,apringc@walmart.com
Patsy Machel,pmachelgd@ask.com
Noni Klaffs,nklaffsge@printfriendly.com
Julina Moreton,jmoretongf@diigo.com
Malachi Reuther,mreuthergg@mysql.com
Federico Hovell,fhovellgh@shinystat.com
Ailee Gailor,agailorgi@bloglines.com
Larine Govinlock,lgovinlockgj@upenn.edu
Marji Pendock,mpendockgk@myspace.com
Yul Kinsella,ykinsellagl@sakura.ne.jp
Byram Rilings,brilingsgm@barnesandnoble.com
George Leathard,gleathardgn@ustream.tv
Freeland O'Kerin,fokeringo@creativecommons.org
Tymon Edmundson,tedmundsongp@accuweather.com
Berkly Le - Count,blegq@businesswire.com
Orville Halgarth,ohalgarthgr@google.co.uk
Vincents Dyball,vdyballgs@thetimes.co.uk
Isidro Cossom,icossomgt@nyu.edu
Teresita Pogson,tpogsongu@studiopress.com
Babita Mation,bmationgv@comsenz.com
Lucien Ingerman,lingermangw@bizjournals.com
Hayes Duffyn,hduffyngx@netscape.com
Durant Sperry,dsperrygy@apple.com
Janna Maseres,jmaseresgz@reddit.com
Brenden Grimolbie,bgrimolbieh0@typepad.com
Holly-anne Coverlyn,hcoverlynh1@time.com
Annnora Fransewich,afransewichh2@wordpress.org
Hurlee Pilipets,hpilipetsh3@altervista.org
Colly Woollett,cwoolletth4@forbes.com
Manolo Chape,mchapeh5@wikimedia.org
Leisha Jeandillou,ljeandillouh6@homestead.com
Alphonso Mabone,amaboneh7@rambler.ru
Candide Merriday,cmerridayh8@netvibes.com
Cybill Kleinplatz,ckleinplatzh9@ebay.com
Cassie Dyter,cdyterha@ed.gov
Padgett Hawtry,phawtryhb@istockphoto.com
Gus Upcraft,gupcrafthc@guardian.co.uk
Ulric Mc Giffin,umchd@latimes.com
Jacobo O'Halligan,johalliganhe@aol.com
Sherlocke MacCumeskey,smaccumeskeyhf@hibu.com
Ruby Latliff,rlatliffhg@amazon.co.jp
Harlene McKew,hmckewhh@ezinearticles.com
Kin Benton,kbentonhi@theguardian.com
Fergus Torrance,ftorrancehj@hp.com
Donica Strowther,dstrowtherhk@4shared.com
Brooks Feavers,bfeavershl@marketwatch.com
Clio Sarton,csartonhm@hexun.com
Timmy Kipping,tkippinghn@tuttocitta.it
Rex McAleese,rmcaleeseho@nps.gov
Mariska Ravens,mravenshp@japanpost.jp
Vittorio Skacel,vskacelhq@multiply.com
Artus Thacker,athackerhr@pbs.org
Clarice Fouracre,cfouracrehs@tripadvisor.com
Baily Mycroft,bmycroftht@usnews.com
Ruby Burden,rburdenhu@businessweek.com
Lauralee Robelow,lrobelowhv@typepad.com
Otha Tomeo,otomeohw@umich.edu
Pammie Pryde,pprydehx@fda.gov
Trescha Mollnar,tmollnarhy@twitpic.com
Bette Trethowan,btrethowanhz@omniture.com
Barbabra Alred,balredi0@ezinearticles.com
Ruthe McAneny,rmcanenyi1@harvard.edu
Yvor Hartless,yhartlessi2@fema.gov
Merrel Grayling,mgraylingi3@amazonaws.com
Alessandra Husbands,ahusbandsi4@drupal.org
Carolan MacClenan,cmacclenani5@technorati.com
Halette Milvarnie,hmilvarniei6@state.gov
Marne Whitwood,mwhitwoodi7@oracle.com
Millicent Greensted,mgreenstedi8@hibu.com
Murvyn Brownhill,mbrownhilli9@delicious.com
Georgena Autie,gautieia@businessinsider.com
Conant Pendrey,cpendreyib@cbslocal.com
Gennifer Gilding,ggildingic@constantcontact.com
Pietrek Edinborough,pedinboroughid@hao123.com
Alvis O'Brallaghan,aobrallaghanie@rambler.ru
Charmion Powers,cpowersif@theatlantic.com
Raff Klaffs,rklaffsig@oakley.com
Shurlocke MacCaughey,smaccaugheyih@businessweek.com
Mitchael Ilymanov,milymanovii@mediafire.com
Danna Titheridge,dtitheridgeij@bloglines.com
Philipa Whitechurch,pwhitechurchik@cam.ac.uk
Marlie Barrasse,mbarrasseil@ted.com
Phillis Bradden,pbraddenim@rakuten.co.jp
Marcos Buckhurst,mbuckhurstin@opera.com
Shandie Franseco,sfransecoio@gizmodo.com
Drake Durtnel,ddurtnelip@house.gov
Elli Disbrey,edisbreyiq@freewebs.com
Alejoa Such,asuchir@sciencedirect.com
Dorian Arton,dartonis@nasa.gov
Thelma Gobbet,tgobbetit@java.com
Edith Smullen,esmulleniu@quantcast.com
Darelle Ellsworthe,dellswortheiv@howstuffworks.com
Mia Vogele,mvogeleiw@barnesandnoble.com
Kelley Ganny,kgannyix@hubpages.com
Floris Chick,fchickiy@youku.com
Pearle Baldin,pbaldiniz@nyu.edu
Oberon Kingsley,okingsleyj0@msn.com
Harriette Culpan,hculpanj1@kickstarter.com
Stephenie Djuricic,sdjuricicj2@epa.gov
Erik McPhilip,emcphilipj3@meetup.com
Nigel MacCorkell,nmaccorkellj4@lulu.com
Scarlet Yesichev,syesichevj5@examiner.com
Hoyt Wheldon,hwheldonj6@nature.com
Remy Mucklo,rmuckloj7@instagram.com
Norry Kettlesting,nkettlestingj8@toplist.cz
Aggy Pawlowicz,apawlowiczj9@squarespace.com
Kimberley Woolfall,kwoolfallja@sciencedaily.com
Sonja Curless,scurlessjb@tumblr.com
Kellia Bogue,kboguejc@theguardian.com
Charleen Hindrich,chindrichjd@wikipedia.org
Lorrayne Dockrey,ldockreyje@devhub.com
Amargo Bullcock,abullcockjf@wordpress.com
Auria Betjes,abetjesjg@blogs.com
Flory Dawes,fdawesjh@qq.com
Goldy Heeps,gheepsji@telegraph.co.uk
Bordy Hendrik,bhendrikjj@myspace.com
Monika Skerritt,mskerrittjk@businesswire.com
Malory Burkart,mburkartjl@skyrock.com
Mayne Haug,mhaugjm@is.gd
Leola Edmand,ledmandjn@statcounter.com
Lester Everil,leveriljo@a8.net
Lorettalorna Forman,lformanjp@pen.io
Tracey Duckerin,tduckerinjq@aol.com
Kyle Sultan,ksultanjr@alexa.com
Lemuel Liveley,lliveleyjs@lulu.com
Pietrek Farman,pfarmanjt@buzzfeed.com
Arline Callaway,acallawayju@nytimes.com
Naoma Sheldon,nsheldonjv@ning.com
Cilka Halstead,chalsteadjw@xing.com
Virgilio Shires,vshiresjx@walmart.com
Vivi Gorick,vgorickjy@mail.ru
Korrie Lathwell,klathwelljz@wikimedia.org
Terry Rawlison,trawlisonk0@unc.edu
Nichols Blackbourn,nblackbournk1@virginia.edu
Trueman Marvel,tmarvelk2@squarespace.com
Humphrey Riceards,hriceardsk3@jigsy.com
Koenraad Rawood,krawoodk4@cornell.edu
Bernete Lathy,blathyk5@msn.com
Giraldo Trench,gtrenchk6@last.fm
Lezley Gaitung,lgaitungk7@bloglines.com
Pooh MacCourt,pmaccourtk8@apache.org
Reynard Marlow,rmarlowk9@360.cn
Kareem Bielby,kbielbyka@rakuten.co.jp
Leah Bocking,lbockingkb@mashable.com
Edik McEachern,emceachernkc@bloglines.com
Puff Ormshaw,pormshawkd@csmonitor.com
Reid Beaten,rbeatenke@msu.edu
Yancey De Caroli,ydekf@blog.com
Nicoline Sandeford,nsandefordkg@forbes.com
Derk Watling,dwatlingkh@mail.ru
Kenneth Salamon,ksalamonki@reference.com
Clemence Frohock,cfrohockkj@twitter.com
Barny Margrem,bmargremkk@dropbox.com
Israel Lomis,ilomiskl@unc.edu
Britney Cardiff,bcardiffkm@statcounter.com
Gayleen Pinks,gpinkskn@tinyurl.com
Timmie Sellars,tsellarsko@buzzfeed.com
Drucill Hing,dhingkp@ca.gov
Elvyn Farra,efarrakq@google.ca
Panchito Seson,psesonkr@biblegateway.com
Katusha Twidle,ktwidleks@japanpost.jp
Malinda Philp,mphilpkt@msu.edu
Massimo Mayhead,mmayheadku@dailymail.co.uk
Beltran Maso,bmasokv@simplemachines.org
Correy Warfield,cwarfieldkw@parallels.com
Cobbie Dawby,cdawbykx@businesswire.com
Neron Davy,ndavyky@sourceforge.net
Francesca Avrahamy,favrahamykz@walmart.com
Miquela Child,mchildl0@nbcnews.com
Myles Lumsdon,mlumsdonl1@harvard.edu
Camile Greenhalf,cgreenhalfl2@simplemachines.org
Carlyn Hasely,chaselyl3@arizona.edu
Cirillo Sogg,csoggl4@go.com
Jillayne Penhallurick,jpenhallurickl5@opensource.org
Lombard de Clerc,ldel6@nsw.gov.au
Timmie Calvey,tcalveyl7@yellowpages.com
Tucky Guiot,tguiotl8@hc360.com
Nessi Ravenscraft,nravenscraftl9@bing.com
Anni Waghorn,awaghornla@yandex.ru
Morrie Oxenford,moxenfordlb@sohu.com
Danya Slatter,dslatterlc@bandcamp.com
Brynn Currum,bcurrumld@blogtalkradio.com
Tiphany Parminter,tparminterle@netvibes.com
Sheff A'Barrow,sabarrowlf@macromedia.com
Jasun Bunning,jbunninglg@over-blog.com
Mead Scargill,mscargilllh@weibo.com
Giana Doddemeade,gdoddemeadeli@google.de
Riane Revance,rrevancelj@abc.net.au
Lorin Stidston,lstidstonlk@weibo.com
Brenden Jiruca,bjirucall@nsw.gov.au
Bret Neesam,bneesamlm@bloglines.com
Dacia Jemmett,djemmettln@deliciousdays.com
Aliza Ramsell,aramselllo@themeforest.net
Marcelo Scotcher,mscotcherlp@alibaba.com
Jerrylee Kitchinham,jkitchinhamlq@marriott.com
Mina Royle,mroylelr@canalblog.com
Marianna Cranstone,mcranstonels@blogs.com
Liliane McGinty,lmcgintylt@independent.co.uk
Joceline Van der Baaren,jvanlu@who.int
Morie Eaton,meatonlv@behance.net
Baxie Kubatsch,bkubatschlw@who.int
Ania Burkitt,aburkittlx@bloglovin.com
Conrado Puddicombe,cpuddicombely@is.gd
Wyatan Hardan,whardanlz@de.vu
Clarisse Creedland,ccreedlandm0@ca.gov
Del Koene,dkoenem1@biblegateway.com
Row Iorizzo,riorizzom2@flavors.me
Tamara Van den Velde,tvanm3@sina.com.cn
Phedra Druitt,pdruittm4@blog.com
Leonid Halksworth,lhalksworthm5@cnet.com
Artemis Assiter,aassiterm6@amazon.de
Berthe Riddiough,briddioughm7@usatoday.com
Vitoria Chettoe,vchettoem8@technorati.com
Isidor Spanton,ispantonm9@hp.com
Wittie Stanway,wstanwayma@over-blog.com
Federica Gatecliffe,fgatecliffemb@sakura.ne.jp
Maison O'Dougherty,modoughertymc@quantcast.com
Viviana Dallemore,vdallemoremd@prlog.org
Catlin Pickford,cpickfordme@ning.com
Joshia Meehan,jmeehanmf@answers.com
Thaddus Bauman,tbaumanmg@jalbum.net
Harli Leiden,hleidenmh@bbc.co.uk
Nikaniki Trevance,ntrevancemi@opensource.org
Bernardina Camerana,bcameranamj@php.net
Ty Finney,tfinneymk@ow.ly
Gwenette Ethridge,gethridgeml@deliciousdays.com
Ham Saggs,hsaggsmm@reference.com
Veda Vignal,vvignalmn@auda.org.au
Geralda Flaubert,gflaubertmo@is.gd
Codi Farrington,cfarringtonmp@ovh.net
Gauthier Abrahams,gabrahamsmq@squarespace.com
Shari Gatheridge,sgatheridgemr@oracle.com
Darb Geard,dgeardms@nih.gov
Maurice Loachhead,mloachheadmt@zdnet.com
Tallulah Robilart,trobilartmu@thetimes.co.uk
Vasili Billo,vbillomv@earthlink.net
Kristi Dovydenas,kdovydenasmw@google.pl
Terri-jo Wabey,twabeymx@google.ca
Padget Haseley,phaseleymy@scribd.com
Zebulen McCraw,zmccrawmz@spiegel.de
Georas Bowlands,gbowlandsn0@si.edu
Kelcy Lacroix,klacroixn1@examiner.com
Valaree Goves,vgovesn2@stanford.edu
Gae Gotch,ggotchn3@ucsd.edu
Hill Etches,hetchesn4@toplist.cz
Elsie Northgraves,enorthgravesn5@edublogs.org
Taryn Fayerman,tfayermann6@mashable.com
Aeriell Toffetto,atoffetton7@statcounter.com
Loren Matveichev,lmatveichevn8@studiopress.com
Celinda Rowet,crowetn9@tripadvisor.com
Chicky Farris,cfarrisna@dagondesign.com
Merla Selbie,mselbienb@discovery.com
Julie Aukland,jauklandnc@miibeian.gov.cn
Nessi Bourner,nbournernd@aboutads.info
Hebert Mumbeson,hmumbesonne@gnu.org
Guss Bellenie,gbellenienf@usda.gov
Gabbie Girardoni,ggirardoning@gov.uk
Xylia O'Shavlan,xoshavlannh@slate.com
Gertrud Kiehnlt,gkiehnltni@state.tx.us
Lurline Blakeborough,lblakeboroughnj@google.ca
Janetta Phillput,jphillputnk@cisco.com
Onofredo Di Giorgio,odinl@sciencedirect.com
Nelle Skedgell,nskedgellnm@un.org
Jasper Degli Abbati,jdeglinn@abc.net.au
Tedra Giacomuzzi,tgiacomuzzino@seattletimes.com
Jamie Zoppo,jzopponp@youtu.be
Rowe Oakeshott,roakeshottnq@illinois.edu
Grenville Lyman,glymannr@jigsy.com
Duffie Jolland,djollandns@ucsd.edu
Berni Plenty,bplentynt@google.es
Colas Baumer,cbaumernu@tinypic.com
Lurette Hanmer,lhanmernv@qq.com
Tedie Trusslove,ttrusslovenw@businessinsider.com
Wayland Piggford,wpiggfordnx@walmart.com
Yvette Endrighi,yendrighiny@dmoz.org
Stanleigh Handford,shandfordnz@slashdot.org
Moria Tassell,mtassello0@howstuffworks.com
Evelina Trobey,etrobeyo1@slashdot.org
Arabele Malcolm,amalcolmo2@hao123.com
Annabel Di Angelo,adio3@unesco.org
Mallissa Jorczyk,mjorczyko4@twitter.com
Allister Welland,awellando5@senate.gov
Rozelle Cooksley,rcooksleyo6@diigo.com
Terrence Andrioletti,tandriolettio7@sakura.ne.jp
Bridgette Ruller,brullero8@123-reg.co.uk
Myriam De Malchar,mdeo9@google.ca
Katharyn Goodacre,kgoodacreoa@weebly.com
Cass Phillpot,cphillpotob@pagesperso-orange.fr
Dorri Rawcliff,drawcliffoc@163.com
Mateo Llewhellin,mllewhellinod@elegantthemes.com
Doralin Heritege,dheritegeoe@geocities.com
Sonny Yanshinov,syanshinovof@independent.co.uk
Faydra Halegarth,fhalegarthog@twitpic.com
Jacob Tynewell,jtynewelloh@about.me
Mariellen Ansteys,mansteysoi@sciencedirect.com
Paxton Bilovsky,pbilovskyoj@oaic.gov.au
Delmer Sanderson,dsandersonok@tinypic.com
Tallie Sallery,tsalleryol@wikispaces.com
Katrine MacGragh,kmacgraghom@so-net.ne.jp
Rosa Reese,rreeseon@go.com
Maurits Laterza,mlaterzaoo@amazonaws.com
Celisse Perrone,cperroneop@skyrock.com
Amber Rutherforth,arutherforthoq@naver.com
Anallise Barter,abarteror@msn.com
Hurleigh Tarbath,htarbathos@princeton.edu
Nettle Hackinge,nhackingeot@scribd.com
Toinette Peirce,tpeirceou@angelfire.com
Olag Farebrother,ofarebrotherov@mlb.com
Jasmine Le Blond,jleow@google.cn
Darb Meggison,dmeggisonox@ft.com
Phillipp Lacey,placeyoy@imageshack.us
Lek Regler,lregleroz@vistaprint.com
Creigh Truder,ctruderp0@1und1.de
Jena McVanamy,jmcvanamyp1@senate.gov
Neysa Dudson,ndudsonp2@elegantthemes.com
Weber Mafham,wmafhamp3@usda.gov
Elijah Kift,ekiftp4@tmall.com
Velvet Larive,vlarivep5@senate.gov
Bruis Derell,bderellp6@wix.com
Wendell Etienne,wetiennep7@slashdot.org
Clemente Kinge,ckingep8@google.es
Ermentrude Eller,eellerp9@bravesites.com
Vanessa Bullingham,vbullinghampa@alexa.com
Wandie Hugland,whuglandpb@geocities.jp
Roch Whitlam,rwhitlampc@amazon.co.jp
Mabel Hedan,mhedanpd@furl.net
Flori Stoak,fstoakpe@hibu.com
Kelila McNeish,kmcneishpf@sohu.com
Silvan Brewster,sbrewsterpg@xinhuanet.com
Eada McGhee,emcgheeph@123-reg.co.uk
Rustin Scrine,rscrinepi@amazon.de
Caresa Abel,cabelpj@cbslocal.com
Hilliard Melloi,hmelloipk@de.vu
Zsa zsa Gareisr,zzsapl@webnode.com
Concordia Spedroni,cspedronipm@symantec.com
Vickie Tatton,vtattonpn@freewebs.com
Abraham Tuiller,atuillerpo@redcross.org
Jillian Hargrove,jhargrovepp@miitbeian.gov.cn
Dalenna Heims,dheimspq@blinklist.com
Liam Rickarsey,lrickarseypr@nature.com
Armando Tollfree,atollfreeps@linkedin.com
Elset Gomes,egomespt@intel.com
Maurie Carlin,mcarlinpu@themeforest.net
Salem Northeast,snortheastpv@t-online.de
Frieda Robertis,frobertispw@creativecommons.org
Hester Winter,hwinterpx@purevolume.com
Ardisj Lashmore,alashmorepy@mysql.com
Garwin Werlock,gwerlockpz@geocities.com
Eustacia Gave,egaveq0@scientificamerican.com
Dannel Pietrowski,dpietrowskiq1@prweb.com
Sadye Wield,swieldq2@apache.org
Lew Marson,lmarsonq3@bandcamp.com
Sauncho Densie,sdensieq4@ow.ly
Natividad Spohr,nspohrq5@comsenz.com
Bord Livsey,blivseyq6@zdnet.com
Anett Ellingworth,aellingworthq7@elegantthemes.com
Aldon Dasent,adasentq8@berkeley.edu
Maxie Goozee,mgoozeeq9@artisteer.com
Micky Malling,mmallingqa@japanpost.jp
Aile Harnor,aharnorqb@netlog.com
Ferrell McKeevers,fmckeeversqc@netscape.com
Fay Cardow,fcardowqd@state.gov
Lindsay Spowage,lspowageqe@aol.com
Zorina D'Alessandro,zdalessandroqf@wikimedia.org
Audrey Cattle,acattleqg@cnbc.com
Patience Hendriksen,phendriksenqh@cbslocal.com
Barde Fareweather,bfareweatherqi@wisc.edu
Francesco Macguire,fmacguireqj@angelfire.com
Kirby McCahey,kmccaheyqk@ted.com
Liv Grimsell,lgrimsellql@amazon.de
Dulcinea Appleby,dapplebyqm@prlog.org
Nicolas Faulconbridge,nfaulconbridgeqn@elegantthemes.com
Andrea Kelleway,akellewayqo@cbsnews.com
Joete Billie,jbillieqp@zimbio.com
Daile Guswell,dguswellqq@census.gov
Allina Gambrell,agambrellqr@vinaora.com
Josi Stelljes,jstelljesqs@geocities.jp
Cinnamon Drinkwater,cdrinkwaterqt@ebay.com
Dorian Tolliday,dtollidayqu@jimdo.com
Lucretia Fetherby,lfetherbyqv@fastcompany.com
Fielding Ealam,fealamqw@flavors.me
Quint Rizzelli,qrizzelliqx@indiegogo.com
Kristoffer Philipet,kphilipetqy@cornell.edu
Marice Fear,mfearqz@mac.com
Rasia Yandle,ryandler0@parallels.com
Diane-marie Ozanne,dozanner1@phoca.cz
Law Poulney,lpoulneyr2@discuz.net
Pete Luney,pluneyr3@upenn.edu
Micheal Buckston,mbuckstonr4@timesonline.co.uk
Diann Cubbit,dcubbitr5@apple.com
Cherianne Bach,cbachr6@wordpress.com
Benny Ovenell,bovenellr7@sbwire.com
Ana O'Concannon,aoconcannonr8@pagesperso-orange.fr
Sibella Jahndel,sjahndelr9@tripadvisor.com
Madelene Lebang,mlebangra@zimbio.com
Nannie Lidgely,nlidgelyrb@patch.com
Sim Rosenauer,srosenauerrc@wikipedia.org
Abelard Ranaghan,aranaghanrd@nationalgeographic.com
Kenton Archambault,karchambaultre@dyndns.org
Kevina Toffts,ktofftsrf@amazonaws.com
Stacee Steedman,ssteedmanrg@skype.com
Lind O'Geneay,logeneayrh@yandex.ru
Lorita Rooms,lroomsri@cafepress.com
Hew Jermin,hjerminrj@dot.gov
Benjy Goose,bgooserk@unesco.org
Lynette Barby,lbarbyrl@noaa.gov
Kati Cleife,kcleiferm@bluehost.com
Dorothee Popple,dpopplern@pen.io
Jilli Card,jcardro@topsy.com
Gerianne Staining,gstainingrp@seesaa.net
Juline Morritt,jmorrittrq@msu.edu
Ingemar Braganza,ibraganzarr@vinaora.com
